{"schemaVersion":"1.0","appDefinitionTemplate":{"id":"/providers/Microsoft.PowerApps/apps/","type":"Microsoft.PowerApps/apps","tags":{"primaryDeviceWidth":"768","primaryDeviceHeight":"1366","sienaVersion":"20200519T214147Z-3.20052.14.0","deviceCapabilities":"","supportsPortrait":"true","supportsLandscape":"false","primaryFormFactor":"Tablet","publisherVersion":"3.20052.14","minimumRequiredApiVersion":"2.2.0","hasComponent":"false","hasUnlockedComponent":"false","isUnifiedRootApp":"false"},"properties":{"appVersion":"2020-05-19T21:41:47Z","lifeCycleId":"Published","createdByClientVersion":{"major":3,"minor":20052,"build":14,"revision":0,"majorRevision":0,"minorRevision":0},"minClientVersion":{"major":3,"minor":20052,"build":14,"revision":0,"majorRevision":0,"minorRevision":0},"backgroundColor":"rgba(1, 131, 134, 1)","backgroundImageUri":"/10822583151181486955/N0ee4df89-4948-42eb-be74-8433c50e76a3-logoSmallFile","displayName":"SAPSnoozePublic","description":"","commitMessage":"","appUris":{"documentUri":{"value":"/10822583151181486955/N27531194-6f11-47f0-8cbc-b3d66b8820ef-document.msapp","readonlyValue":"/10822583151181486955/N27531194-6f11-47f0-8cbc-b3d66b8820ef-document.msapp"},"imageUris":[]},"createdTime":"0001-01-01T00:00:00Z","lastModifiedTime":"0001-01-01T00:00:00Z","sharedGroupsCount":0,"sharedUsersCount":0,"icons":{"smallIconUri":"/10822583151181486955/N1f0b3d6a-fba5-4d86-be47-feeb32ab5608-small.png","mediumIconUri":"/10822583151181486955/N95470d15-446e-4782-b159-c673cdd8f7c6-medium.png","largeIconUri":"/10822583151181486955/Nbaf58747-3066-4027-ae49-6d93c88d0b0f-large.png","wideIconUri":"/10822583151181486955/N81e0a17a-221d-40a0-b4ed-2695cb1be92a-wide.png"},"connectionReferences":{"3e058143-1f71-485b-b221-5d714631d006":{"id":"27d1fb90-8393-4f1b-a802-a2dea40337ed","displayName":"Start SAP Systems","iconUri":"https://prodapiicons.cdn.powerappscdn.net/20180628t000000z5036892967044a3bad149e0c2e791e5e/customconnectoricon.customconnectoricon","dataSources":["StartSAPSystems"],"dependencies":[],"dependents":[],"parameterHints":{},"isOnPremiseConnection":false,"bypassConsent":false,"dataSets":{},"apiTier":"Standard","isCustomApiConnection":true}},"databaseReferences":{},"almMode":"Environment","performanceOptimizationEnabled":false},"isAppComponentLibrary":false,"appType":"ClassicCanvasApp","appComponents":[]}}